peak_date,peak_close,trough_date,trough_close,recovery_date,max_drawdown,d10_fill,d10_days,d10_extra_dd,d15_fill,d15_days,d15_extra_dd,d20_fill,d20_days,d20_extra_dd,staged_deployed,staged_cost,staged_last_fill,staged_days,staged_extra_dd,staged_portfolio_trough_loss
1995-04-21,5.47,1995-11-29,3.78,1996-02-26,-0.3089579524680073,1995-04-24,273,-0.23217550274223042,1995-04-28,263,-0.18700935584471445,1995-05-22,234,-0.13619744058500927,1,4.598406593406594,1995-05-22,235,-0.17797612646521144,-0.17797612646521144
1996-04-08,7.21,1996-05-28,5.81,1996-07-03,-0.19417475728155342,1996-04-22,46,-0.10463861920172601,1996-05-24,6,-0.05197030268418046,,,,0.6,6.273725118483412,1996-05-24,11,-0.07391543456649119,-0.04434926073989471
1996-07-08,7.35,1996-08-14,6.24,1996-10-02,-0.15102040816326523,1996-07-18,61,-0.05668934240362811,1996-07-25,21,-0.0012004801920767472,,,,0.6,6.395545023696682,1996-07-25,27,-0.024320839446889786,-0.014592503668133871
1997-01-27,17,1997-03-05,13.72,1997-06-23,-0.19294117647058817,1997-01-29,47,-0.10326797385620912,1997-02-05,29,-0.0505190311418684,1997-03-04,1,0,1,14.291208791208792,1997-03-04,2,-0.039969242599000365,-0.039969242599000365
1997-07-14,20.43,1997-07-28,18.36,1997-08-07,-0.10132158590308371,1997-07-28,1,-0.001468428781204123,,,,,,,0.25,18.387,1997-07-28,1,-0.001468428781204123,-0.00036710719530103075
1997-10-23,35.43,1997-11-14,26.92,1998-01-05,-0.240191927744849,1997-10-27,63,-0.15576880860538778,1997-10-28,24,-0.10610815028805753,1997-10-28,20,-0.05023990968106118,1,29.784560439560444,1997-10-28,24,-0.09617601862459169,-0.09617601862459169
1998-01-05,37.114000000000004,1998-02-10,27.770799999999998,1998-04-15,-0.2517432774694187,1998-01-12,45,-0.16860364163268748,1998-02-04,19,-0.1196979734934338,1998-02-05,7,-0.06467909683677342,1,31.200230769230778,1998-02-05,18,-0.1099168398655832,-0.1099168398655832
1998-04-22,43.657700000000006,1998-06-01,36.0463,1998-07-03,-0.17434267036513607,1998-04-27,38,-0.08260296707237347,1998-05-27,6,-0.028638435723689404,,,,0.6,37.98840625592418,1998-05-27,8,-0.05112365711897471,-0.030674194271384823
1998-07-16,45.3099,1998-10-08,18.5228,1999-03-26,-0.5911975087122241,1998-08-05,218,-0.545775009680249,1998-08-06,204,-0.5190558926026165,1998-08-11,191,-0.48899688589028,1,38.09019065934066,1998-08-11,199,-0.51371206918709,-0.51371206918709
1999-04-07,49.27,1999-04-13,39.86,1999-04-20,-0.190988431093972,1999-04-12,4,-0.10109825677108009,1999-04-13,1,-0.04822168363996704,1999-04-13,0,0,1,41.41928571428572,1999-04-13,1,-0.03764636901374463,-0.03764636901374463
1999-05-11,58.11,1999-06-29,46.76,1999-07-19,-0.19531922216485975,1999-05-17,56,-0.10591024684984418,1999-06-02,28,-0.05331673195865849,1999-06-28,1,0,1,48.85071428571428,1999-06-28,2,-0.0427980289804214,-0.0427980289804214
1999-07-21,60.0366,1999-08-31,50.1828,1999-09-08,-0.1641298807727286,1999-08-26,11,-0.07125542308080968,1999-08-26,6,-0.016623389144386547,,,,0.6,52.24037800947867,1999-08-26,7,-0.039386736617896156,-0.023632041970737695
2000-01-18,195.77270000000001,2001-03-29,71.5966,2004-01-05,-0.6342871094897298,2000-01-20,1428,-0.5936523438774775,2000-01-24,1414,-0.5697495405761526,2000-02-03,1341,-0.5428588868621622,1,164.5781489010989,2000-02-03,1401,-0.5649689799158877,-0.5649689799158877
2004-01-09,199.2648,2004-02-06,169.65830000000003,2004-03-19,-0.14857867521007218,2004-01-19,23,-0.05397630578896906,2004-02-06,0,0,,,,0.6,173.38870748815168,2004-02-06,3,-0.021514708438590602,-0.01290882506315436
2004-03-29,208.87,2004-05-17,159.2244,2004-09-07,-0.23768659932015135,2004-04-14,92,-0.1529851103557237,2004-04-29,39,-0.10316070508253095,2004-05-10,14,-0.047108249150189074,1,175.5885164835165,2004-05-10,25,-0.0931958240278925,-0.0931958240278925
2005-02-28,283.9617,2005-04-18,232.8594,2005-07-14,-0.17996194557223744,2005-03-16,78,-0.08884660619137497,2005-03-17,33,-0.03524934773204402,,,,0.6,247.08705270142184,2005-03-17,36,-0.057581538756765305,-0.03454892325405918
2005-10-04,356.2479,2005-10-19,307.6671,2005-11-21,-0.13636796174798504,2005-10-13,19,-0.04040884638664999,,,,,,,0.25,320.62311,2005-10-13,19,-0.04040884638664999,-0.010102211596662497
2006-02-27,477.285,2006-06-26,319.5056,2007-04-25,-0.3305769089747216,2006-03-08,331,-0.2561965655274685,2006-05-15,164,-0.2124434223232019,2006-05-22,86,-0.16322113621840206,1,401.23409340659344,2006-05-22,157,-0.2036927936823486,-0.2036927936823486
2007-07-23,556.2544,2007-08-16,444.733,2007-10-05,-0.20048632424300827,2007-08-06,25,-0.11165147138112042,2007-08-15,8,-0.05939567558000969,2007-08-16,1,-0.0006079053037603144,1,467.62045714285716,2007-08-16,6,-0.04894451641978759,-0.04894451641978759
2007-10-15,582.319,2008-11-20,212.2827,2010-04-05,-0.635452904679394,2007-10-22,801,-0.5949476718659932,2008-01-16,631,-0.5711210643286987,2008-01-21,578,-0.5443161308492424,1,489.5319065934066,2008-01-21,624,-0.5663557428212398,-0.5663557428212398
2010-04-14,593.3034,2010-05-25,522.5707,2010-07-21,-0.1192184302331657,2010-05-07,19,-0.021353811370184217,,,,,,,0.25,533.97306,2010-05-07,19,-0.021353811370184217,-0.005338452842546054
2010-11-09,715.4326,2011-11-24,496.2167,2012-10-30,-0.306410275405398,2010-11-29,609,-0.22934475045044223,2011-02-24,349,-0.18401208871223296,2011-08-05,175,-0.13301284425674764,1,601.4350978021978,2011-08-05,182,-0.1749455563645912,-0.1749455563645912
2013-01-24,864.3789,2013-02-22,758.9869,2013-05-02,-0.12192801096833816,2013-02-08,19,-0.024364456631486786,,,,,,,0.25,777.94101,2013-02-08,19,-0.024364456631486786,-0.0060911141578716965
2013-05-22,931.7887,2014-03-03,611.8915000000001,2017-04-24,-0.34331517435229675,2013-06-03,417,-0.2703501937247742,2013-06-03,360,-0.22742961688505492,2013-06-06,330,-0.17914396794037102,1,783.3168741758242,2013-06-06,354,-0.21884550151711113,-0.21884550151711113
2017-11-06,1141.657,2017-11-28,1020.68,2017-12-28,-0.10596615270611054,2017-11-28,2,-0.006629058562344969,,,,,,,0.25,1027.4913,2017-11-28,2,-0.006629058562344969,-0.0016572646405862423
2018-01-29,1208.453,2019-05-22,836.75,2020-01-14,-0.30758581426004983,2018-04-11,604,-0.23065090473338867,2018-05-03,447,-0.18539507560005863,2018-06-06,390,-0.13448226782506234,1,1015.8973021978022,2018-06-06,408,-0.17634390977339265,-0.17634390977339265
2020-01-21,1235.56,2020-03-23,842.46,2020-11-10,-0.31815533037650934,2020-02-27,112,-0.24239481152945486,2020-02-28,90,-0.19782980044295218,2020-03-11,40,-0.14769416297063676,1,1038.6850549450548,2020-03-11,77,-0.18891679822565166,-0.18891679822565166
2021-03-16,1570.42,2021-04-21,1330.48,2021-11-04,-0.15278715248150176,2021-03-22,42,-0.05865239164611313,2021-03-23,30,-0.0032790029194138537,2021-03-23,29,0,1,1320.1882417582417,2021-03-23,29,0,0
2021-12-16,2278.55,2021-12-22,1804.15,2022-04-04,-0.20820258497728816,2021-12-20,23,-0.12022509441920914,2021-12-20,15,-0.06847362938504498,2021-12-22,2,-0.01025323122161026,1,1915.484340659341,2021-12-22,12,-0.05812333637821221,-0.05812333637821221
2022-06-07,2648.19,2022-07-05,2371.25,2022-08-01,-0.1045770885019579,2022-06-30,6,-0.005085653891064412,,,,,,,0.25,2383.371,2022-06-30,6,-0.005085653891064412,-0.001271413472766103
2022-09-12,3649.21,2022-09-29,3146.89,2022-10-17,-0.13765171091825357,2022-09-14,19,-0.041835234353615136,2022-09-29,0,0,,,,0.6,3175.3315450236964,2022-09-29,1,-0.008957031610846933,-0.005374218966508159
2023-01-02,5661.1,2023-05-05,4400.76,2023-06-26,-0.22263164402677926,2023-01-06,147,-0.13625738225197703,2023-01-11,120,-0.08544899297268149,2023-02-02,95,-0.02828955503347408,1,4759.0565934065935,2023-02-02,98,-0.0752873151168223,-0.0752873151168223
2023-10-03,8513.54,2023-12-27,7260.44,2024-02-01,-0.14718906588798564,2023-10-20,80,-0.052432295431095066,2023-12-25,2,0,,,,0.6,7407.990255924172,2023-12-25,4,-0.019917717333142626,-0.011950630399885575
2024-07-22,11172.75,2024-11-05,8618.57,2025-08-21,-0.22860799713588864,2024-08-05,123,-0.14289777459543185,2024-09-11,72,-0.09247999663045725,2024-10-03,35,-0.03575999641986094,1,9392.476648351649,2024-10-03,42,-0.08239644103746235,-0.08239644103746235
2025-08-26,11529.81,2025-10-17,10208.76,2026-01-05,-0.11457690976694324,2025-09-11,39,-0.01619656640771472,,,,,,,0.25,10376.829,2025-09-11,39,-0.01619656640771472,-0.00404914160192868
2026-02-16,14339.3,2026-03-30,12626.35,2026-04-17,-0.11945841149846914,2026-03-04,28,-0.021620457220521305,,,,,,,0.25,12905.369999999999,2026-03-04,28,-0.021620457220521305,-0.005405114305130326
2026-05-11,15133.54,2026-05-21,13163.88,,-0.13015196708767418,2026-05-21,1,-0.03350218565297147,,,,,,,0.25,13620.186000000002,2026-05-21,1,-0.03350218565297147,-0.008375546413242868